{
  "atomic_energies": [
    0.0,
    0.0,
    0.0,
    0.0,
    0.0
  ],
  "avg_num_neighbors": 12.876944541931152,
  "mean": -611.9894409179688,
  "std": [
    0.38076332211494446
  ]
}